[{"model": "testmodel.empinfo", "pk": 1, "fields": {"name": "1234", "age": 26, "birth": "2018-12-12", "hiredate": "2018-10-08T10:25:00Z", "recordtime": "18:25:00", "hirdstatus": true, "photo": "media/img/3.jpg", "mail": "234@123.com", "salary": "19960.10", "attachments": "media/file/2.jpg"}}, {"model": "testmodel.empinfo", "pk": 2, "fields": {"name": "234", "age": 22, "birth": "2018-12-12", "hiredate": "2018-12-20T11:33:00Z", "recordtime": "19:33:00", "hirdstatus": false, "photo": "media/img/3_4hadKPS.jpg", "mail": "234567@123.com", "salary": "99999.00", "attachments": "media/file/2_4juVu0O.jpg"}}, {"model": "testmodel.empinfo", "pk": 3, "fields": {"name": "0123", "age": 45, "birth": "2018-12-12", "hiredate": "2018-10-08T10:25:00Z", "recordtime": "18:29:00", "hirdstatus": false, "photo": "media/img/3_yUaAvE3.jpg", "mail": "1234567@123.com", "salary": "99998.00", "attachments": "media/file/2_hQsB69U.jpg"}}, {"model": "testmodel.publisher", "pk": 1, "fields": {"name": "\u5317\u4eac\u51fa\u7248\u793e", "addr": "\u5317\u4eac"}}, {"model": "testmodel.publisher", "pk": 2, "fields": {"name": "\u6df1\u5733\u51fa\u7248\u793e", "addr": "\u4e1c\u839e"}}, {"model": "testmodel.publisher", "pk": 3, "fields": {"name": "\u5e7f\u4e1c\u51fa\u7248\u793e", "addr": "\u60e0\u5dde"}}, {"model": "testmodel.publisher", "pk": 4, "fields": {"name": "\u6e56\u5317\u51fa\u7248\u793e", "addr": "\u9ec4\u5188"}}, {"model": "testmodel.book", "pk": 1, "fields": {"title": "\u4e66\u4e00", "price": "80.45", "publish_day": "2018-12-21", "publish": 1, "hot_price": "99.99", "isdelete": false}}, {"model": "testmodel.book", "pk": 2, "fields": {"title": "\u4e66\u4e8c", "price": "100.01", "publish_day": "2018-12-21", "publish": 2, "hot_price": "99.99", "isdelete": false}}, {"model": "testmodel.book", "pk": 3, "fields": {"title": "\u4e66\u4e09", "price": "61.09", "publish_day": "2018-12-20", "publish": 3, "hot_price": "99.99", "isdelete": false}}, {"model": "testmodel.book", "pk": 4, "fields": {"title": "\u4e66\u56db", "price": "600.00", "publish_day": "2018-12-19", "publish": 4, "hot_price": "99.99", "isdelete": false}}, {"model": "testmodel.book", "pk": 5, "fields": {"title": "\u4e665", "price": "103.87", "publish_day": "2018-12-21", "publish": 2, "hot_price": "99.99", "isdelete": false}}, {"model": "testmodel.book", "pk": 6, "fields": {"title": "\u4e666", "price": "600.00", "publish_day": "2018-12-21", "publish": 1, "hot_price": "99.99", "isdelete": false}}, {"model": "testmodel.book", "pk": 7, "fields": {"title": "\u4e667", "price": "50.32", "publish_day": "2018-12-21", "publish": 4, "hot_price": "99.99", "isdelete": false}}, {"model": "testmodel.book", "pk": 8, "fields": {"title": "\u4e668", "price": "600.00", "publish_day": "2018-12-21", "publish": 1, "hot_price": "99.99", "isdelete": false}}, {"model": "testmodel.book", "pk": 9, "fields": {"title": "\u4e669", "price": "461.78", "publish_day": "2018-12-21", "publish": 3, "hot_price": "99.99", "isdelete": false}}, {"model": "testmodel.author", "pk": 1, "fields": {"name": "\u5f20\u4e00", "author_detail": 1, "book": [1]}}, {"model": "testmodel.author", "pk": 2, "fields": {"name": "\u5f20\u4e8c", "author_detail": 2, "book": [1, 3, 4, 9]}}, {"model": "testmodel.author", "pk": 3, "fields": {"name": "\u674e\u4e09", "author_detail": 4, "book": [2, 3, 5, 6, 7]}}, {"model": "testmodel.author", "pk": 4, "fields": {"name": "\u9ec4\u56db", "author_detail": 6, "book": [2, 4, 7, 8, 9]}}, {"model": "testmodel.author", "pk": 5, "fields": {"name": "\u9648\u4e94", "author_detail": 8, "book": [1, 2, 3, 4, 5, 6, 7, 8, 9]}}, {"model": "testmodel.author", "pk": 6, "fields": {"name": "\u738b\u516d", "author_detail": 7, "book": [7, 8]}}, {"model": "testmodel.author", "pk": 7, "fields": {"name": "\u8d75\u4e03", "author_detail": 3, "book": [4, 5, 6, 9]}}, {"model": "testmodel.author", "pk": 8, "fields": {"name": "\u5218\u516b", "author_detail": 5, "book": [3, 6, 8, 9]}}, {"model": "testmodel.authordetail", "pk": 1, "fields": {"addr": "\u6df1\u5733", "isdelete": false}}, {"model": "testmodel.authordetail", "pk": 2, "fields": {"addr": "\u5317\u4eac", "isdelete": false}}, {"model": "testmodel.authordetail", "pk": 3, "fields": {"addr": "\u5e7f\u5dde", "isdelete": false}}, {"model": "testmodel.authordetail", "pk": 4, "fields": {"addr": "\u6b66\u6c49", "isdelete": false}}, {"model": "testmodel.authordetail", "pk": 5, "fields": {"addr": "\u4e0a\u6d77", "isdelete": false}}, {"model": "testmodel.authordetail", "pk": 6, "fields": {"addr": "\u897f\u5b89", "isdelete": false}}, {"model": "testmodel.authordetail", "pk": 7, "fields": {"addr": "\u6210\u90fd", "isdelete": false}}, {"model": "testmodel.authordetail", "pk": 8, "fields": {"addr": "\u73e0\u6d77", "isdelete": false}}, {"model": "testmodel.student", "pk": 1, "fields": {"name": "\u674e1\u5b66\u751f", "gender": 0}}, {"model": "testmodel.student", "pk": 2, "fields": {"name": "\u738b2\u5b66\u751f", "gender": 1}}, {"model": "testmodel.student", "pk": 3, "fields": {"name": "\u9ec43\u5b66\u751f", "gender": 0}}, {"model": "testmodel.student", "pk": 4, "fields": {"name": "\u52184\u5b66\u751f", "gender": 1}}, {"model": "testmodel.student", "pk": 5, "fields": {"name": "\u674e5\u5b66\u751f", "gender": 0}}, {"model": "testmodel.student", "pk": 6, "fields": {"name": "\u96486\u5b66\u751f", "gender": 1}}, {"model": "testmodel.student", "pk": 7, "fields": {"name": "\u9ec47\u5b66\u751f", "gender": 1}}, {"model": "testmodel.student", "pk": 8, "fields": {"name": "\u8d758\u5b66\u751f", "gender": 1}}, {"model": "testmodel.student", "pk": 9, "fields": {"name": "\u96489\u5b66\u751f", "gender": 0}}, {"model": "testmodel.student", "pk": 10, "fields": {"name": "\u5b5910\u5b66\u751f", "gender": 1}}, {"model": "testmodel.student", "pk": 11, "fields": {"name": "\u674e11\u5b66\u751f", "gender": 0}}, {"model": "testmodel.student", "pk": 12, "fields": {"name": "\u8d7512\u5b66\u751f", "gender": 1}}, {"model": "testmodel.student", "pk": 13, "fields": {"name": "\u94b113\u5b66\u751f", "gender": 0}}, {"model": "testmodel.student", "pk": 14, "fields": {"name": "\u738b14\u5b66\u751f", "gender": 1}}, {"model": "testmodel.student", "pk": 15, "fields": {"name": "\u674e15\u5b66\u751f", "gender": 0}}, {"model": "testmodel.student", "pk": 16, "fields": {"name": "\u738b16\u5b66\u751f", "gender": 1}}, {"model": "testmodel.course", "pk": 1, "fields": {"name": "\u8bed\u65871", "teacher": 1}}, {"model": "testmodel.course", "pk": 2, "fields": {"name": "\u6570\u5b662", "teacher": 2}}, {"model": "testmodel.course", "pk": 3, "fields": {"name": "\u7269\u74063", "teacher": 3}}, {"model": "testmodel.course", "pk": 4, "fields": {"name": "\u5316\u5b664", "teacher": 4}}, {"model": "testmodel.course", "pk": 5, "fields": {"name": "\u751f\u72695", "teacher": 4}}, {"model": "testmodel.course", "pk": 6, "fields": {"name": "\u82f1\u8bed6", "teacher": 4}}, {"model": "testmodel.score", "pk": 149, "fields": {"student": 1, "course": 1, "number": 10.0}}, {"model": "testmodel.score", "pk": 150, "fields": {"student": 1, "course": 2, "number": 71.0}}, {"model": "testmodel.score", "pk": 151, "fields": {"student": 1, "course": 3, "number": 52.0}}, {"model": "testmodel.score", "pk": 152, "fields": {"student": 1, "course": 4, "number": 45.0}}, {"model": "testmodel.score", "pk": 153, "fields": {"student": 1, "course": 5, "number": 70.0}}, {"model": "testmodel.score", "pk": 154, "fields": {"student": 1, "course": 6, "number": 51.0}}, {"model": "testmodel.score", "pk": 155, "fields": {"student": 2, "course": 1, "number": 71.0}}, {"model": "testmodel.score", "pk": 156, "fields": {"student": 2, "course": 2, "number": 73.0}}, {"model": "testmodel.score", "pk": 157, "fields": {"student": 2, "course": 3, "number": 55.0}}, {"model": "testmodel.score", "pk": 158, "fields": {"student": 2, "course": 4, "number": 48.0}}, {"model": "testmodel.score", "pk": 159, "fields": {"student": 3, "course": 1, "number": 72.0}}, {"model": "testmodel.score", "pk": 160, "fields": {"student": 3, "course": 5, "number": 72.0}}, {"model": "testmodel.score", "pk": 161, "fields": {"student": 3, "course": 6, "number": 53.0}}, {"model": "testmodel.score", "pk": 162, "fields": {"student": 4, "course": 1, "number": 73.0}}, {"model": "testmodel.score", "pk": 163, "fields": {"student": 4, "course": 2, "number": 77.0}}, {"model": "testmodel.score", "pk": 164, "fields": {"student": 5, "course": 3, "number": 61.0}}, {"model": "testmodel.score", "pk": 165, "fields": {"student": 4, "course": 4, "number": 54.0}}, {"model": "testmodel.score", "pk": 166, "fields": {"student": 4, "course": 5, "number": 73.0}}, {"model": "testmodel.score", "pk": 167, "fields": {"student": 4, "course": 6, "number": 54.0}}, {"model": "testmodel.score", "pk": 168, "fields": {"student": 5, "course": 4, "number": 57.0}}, {"model": "testmodel.score", "pk": 169, "fields": {"student": 5, "course": 5, "number": 74.0}}, {"model": "testmodel.score", "pk": 170, "fields": {"student": 5, "course": 6, "number": 55.0}}, {"model": "testmodel.score", "pk": 171, "fields": {"student": 6, "course": 1, "number": 75.0}}, {"model": "testmodel.score", "pk": 172, "fields": {"student": 6, "course": 2, "number": 81.0}}, {"model": "testmodel.score", "pk": 173, "fields": {"student": 6, "course": 3, "number": 67.0}}, {"model": "testmodel.score", "pk": 174, "fields": {"student": 6, "course": 4, "number": 60.0}}, {"model": "testmodel.score", "pk": 175, "fields": {"student": 6, "course": 5, "number": 75.0}}, {"model": "testmodel.score", "pk": 176, "fields": {"student": 6, "course": 6, "number": 56.0}}, {"model": "testmodel.score", "pk": 177, "fields": {"student": 7, "course": 1, "number": 76.0}}, {"model": "testmodel.score", "pk": 178, "fields": {"student": 7, "course": 3, "number": 70.0}}, {"model": "testmodel.score", "pk": 179, "fields": {"student": 7, "course": 6, "number": 57.0}}, {"model": "testmodel.score", "pk": 180, "fields": {"student": 8, "course": 1, "number": 77.0}}, {"model": "testmodel.score", "pk": 181, "fields": {"student": 9, "course": 3, "number": 73.0}}, {"model": "testmodel.score", "pk": 182, "fields": {"student": 8, "course": 4, "number": 66.0}}, {"model": "testmodel.score", "pk": 183, "fields": {"student": 8, "course": 5, "number": 77.0}}, {"model": "testmodel.score", "pk": 184, "fields": {"student": 8, "course": 6, "number": 58.0}}, {"model": "testmodel.score", "pk": 185, "fields": {"student": 9, "course": 1, "number": 78.0}}, {"model": "testmodel.score", "pk": 186, "fields": {"student": 9, "course": 2, "number": 87.0}}, {"model": "testmodel.score", "pk": 187, "fields": {"student": 9, "course": 4, "number": 69.0}}, {"model": "testmodel.score", "pk": 188, "fields": {"student": 9, "course": 6, "number": 59.0}}, {"model": "testmodel.score", "pk": 189, "fields": {"student": 10, "course": 1, "number": 79.0}}, {"model": "testmodel.score", "pk": 190, "fields": {"student": 10, "course": 6, "number": 60.0}}, {"model": "testmodel.score", "pk": 191, "fields": {"student": 11, "course": 1, "number": 80.0}}, {"model": "testmodel.score", "pk": 192, "fields": {"student": 11, "course": 2, "number": 91.0}}, {"model": "testmodel.score", "pk": 193, "fields": {"student": 11, "course": 4, "number": 75.0}}, {"model": "testmodel.score", "pk": 194, "fields": {"student": 11, "course": 5, "number": 80.0}}, {"model": "testmodel.score", "pk": 195, "fields": {"student": 11, "course": 6, "number": 61.0}}, {"model": "testmodel.score", "pk": 196, "fields": {"student": 12, "course": 2, "number": 93.0}}, {"model": "testmodel.score", "pk": 197, "fields": {"student": 15, "course": 3, "number": 85.0}}, {"model": "testmodel.score", "pk": 198, "fields": {"student": 12, "course": 4, "number": 78.0}}, {"model": "testmodel.score", "pk": 199, "fields": {"student": 12, "course": 5, "number": 81.0}}, {"model": "testmodel.score", "pk": 200, "fields": {"student": 12, "course": 6, "number": 62.0}}, {"model": "testmodel.score", "pk": 201, "fields": {"student": 13, "course": 1, "number": 82.0}}, {"model": "testmodel.score", "pk": 202, "fields": {"student": 13, "course": 2, "number": 95.0}}, {"model": "testmodel.score", "pk": 203, "fields": {"student": 14, "course": 3, "number": 88.0}}, {"model": "testmodel.score", "pk": 204, "fields": {"student": 13, "course": 4, "number": 81.0}}, {"model": "testmodel.score", "pk": 205, "fields": {"student": 13, "course": 6, "number": 63.0}}, {"model": "testmodel.score", "pk": 206, "fields": {"student": 14, "course": 2, "number": 97.0}}, {"model": "testmodel.score", "pk": 207, "fields": {"student": 13, "course": 3, "number": 91.0}}, {"model": "testmodel.score", "pk": 208, "fields": {"student": 14, "course": 5, "number": 83.0}}, {"model": "testmodel.score", "pk": 209, "fields": {"student": 14, "course": 6, "number": 64.0}}, {"model": "testmodel.score", "pk": 210, "fields": {"student": 15, "course": 1, "number": 84.0}}, {"model": "testmodel.score", "pk": 211, "fields": {"student": 15, "course": 2, "number": 99.0}}, {"model": "testmodel.score", "pk": 212, "fields": {"student": 12, "course": 3, "number": 94.0}}, {"model": "testmodel.score", "pk": 213, "fields": {"student": 16, "course": 2, "number": 101.0}}, {"model": "testmodel.score", "pk": 214, "fields": {"student": 11, "course": 3, "number": 97.0}}, {"model": "testmodel.score", "pk": 215, "fields": {"student": 16, "course": 5, "number": 85.0}}, {"model": "testmodel.teacher", "pk": 1, "fields": {"name": "\u674e\u4e5d\u8001\u5e081"}}, {"model": "testmodel.teacher", "pk": 2, "fields": {"name": "\u9ec4\u4e03\u8001\u5e082"}}, {"model": "testmodel.teacher", "pk": 3, "fields": {"name": "\u9648\u516d\u8001\u5e083"}}, {"model": "testmodel.teacher", "pk": 4, "fields": {"name": "\u9ec4\u56db\u8001\u5e084"}}, {"model": "testmodel.nulltest", "pk": 1, "fields": {"attr1": "abc", "attr2": "bcd", "attr3": "cde"}}, {"model": "testmodel.nulltest", "pk": 2, "fields": {"attr1": "abc", "attr2": "", "attr3": ""}}, {"model": "testmodel.nulltest", "pk": 3, "fields": {"attr1": "qwe", "attr2": "345", "attr3": null}}, {"model": "testmodel.nulltest", "pk": 4, "fields": {"attr1": "ertet", "attr2": "hjk", "attr3": "rtyrty"}}, {"model": "testmodel.nulltest", "pk": 5, "fields": {"attr1": "aqx", "attr2": "qwe", "attr3": "xvv"}}, {"model": "testmodel.nulltest", "pk": 6, "fields": {"attr1": "asfe", "attr2": "", "attr3": ""}}, {"model": "testmodel.nulltest", "pk": 7, "fields": {"attr1": "afd", "attr2": "qwdfx", "attr3": ""}}, {"model": "testmodel.nulltest", "pk": 8, "fields": {"attr1": "zwer", "attr2": "", "attr3": "qwe"}}]